{
	"format_version": "1.8.0",
	"animations": {
		"Idle": {
			"loop": true,
			"animation_length": 2.08,
			"bones": {
				"Torso": {
					"position": {
						"0.0": [0, -9.5, 0],
						"2.08": [0, -9.5, 0]
					}
				},
				"h_Head": {
					"rotation": {
						"0.0": [0, 0, 0],
						"1.04": [-7.5, 0, 0],
						"2.08": [0, 0, 0]
					}
				},
				"LegLeft": {
					"rotation": {
						"0.0": [-90, 0, 0],
						"1.04": [-92.5, 0, 0],
						"2.08": [-90, 0, 0]
					}
				},
				"LefRight": {
					"rotation": {
						"0.0": [-92.5, 0, 0],
						"1.04": [-90, 0, 0],
						"2.08": [-92.5, 0, 0]
					}
				},
				"RightArm": {
					"rotation": {
						"0.0": [-7.5, 0, 0],
						"1.04": [-15, 0, 0],
						"2.08": [-7.5, 0, 0]
					}
				},
				"LeftArm": {
					"rotation": {
						"0.0": [279.5809, -244.90784, 200.63402],
						"1.04": [277.0809, -244.90784, 200.63402],
						"2.08": [279.5809, -244.90784, 200.63402]
					},
					"position": {
						"0.0": [1, 0, 1],
						"2.08": [1, 0, 1]
					}
				},
				"Tail": {
					"rotation": {
						"0.0": [0, 0, 0],
						"0.52": [0, 0, -22.5],
						"1.56": [0, 0, 22.5],
						"2.08": [0, 0, 0]
					}
				}
			}
		},
		"Walk": {
			"loop": true,
			"animation_length": 2.08,
			"bones": {
				"h_Head": {
					"rotation": {
						"0.0": [0, 0, 0],
						"0.52": [-5, 0, 0],
						"1.56": [2, 0, 0],
						"2.08": [0, 0, 0]
					},
					"position": {
						"0.0": [0, 0, 0],
						"1.04": [0, -0.25, 0],
						"2.08": [0, 0, 0]
					}
				},
				"LegLeft": {
					"rotation": {
						"0.0": [12.5, 0, 0],
						"0.52": [0, 0, 0],
						"1.04": [-12.5, 0, 0],
						"1.56": [0, 0, 0],
						"2.08": [12.5, 0, 0]
					}
				},
				"LefRight": {
					"rotation": {
						"0.0": [-12.5, 0, 0],
						"0.52": [0, 0, 0],
						"1.04": [12.5, 0, 0],
						"1.56": [0, 0, 0],
						"2.08": [-12.5, 0, 0]
					}
				},
				"RightArm": {
					"rotation": {
						"0.0": [0, 0, 0],
						"0.52": [7.5, 0, 0],
						"1.56": [-7.5, 0, 0],
						"2.08": [0, 0, 0]
					},
					"position": {
						"0.0": [0, 0, 0],
						"1.04": [0, 1, 0],
						"2.08": [0, 0, 0]
					}
				},
				"LeftArm": {
					"rotation": {
						"0.0": [0, 0, 0],
						"0.52": [7.5, 0, 0],
						"1.56": [-7.5, 0, 0],
						"2.08": [0, 0, 0]
					},
					"position": {
						"0.0": [0, 0, 0],
						"1.04": [0, 1, 0],
						"2.08": [0, 0, 0]
					}
				},
				"Tail": {
					"rotation": {
						"0.0": [-10, 0, 0],
						"1.04": [-25, 0, 0],
						"2.08": [-10, 0, 0]
					},
					"position": {
						"0.0": [0, 1, 0],
						"1.04": [0, 0, 0],
						"2.08": [0, 1, 0]
					}
				}
			}
		},
		"Attack": {
			"loop": true,
			"animation_length": 2.08,
			"bones": {
				"Torso": {
					"rotation": {
						"0.24": [22.5, 0, 0],
						"2.08": [22.5, 0, 0]
					},
					"position": {
						"0.24": [0, -0.35, 0],
						"2.08": [0, -0.35, 0]
					}
				},
				"h_Head": {
					"rotation": {
						"0.0": [-17.5, 0, 0],
						"1.04": [-22.5, 0, 0],
						"2.08": [-17.5, 0, 0]
					},
					"position": {
						"0.0": [0, 0, -1],
						"2.08": [0, 0, -1]
					}
				},
				"LegLeft": {
					"rotation": {
						"0.0": [-35, 0, 0],
						"0.52": [-10, 0, 0],
						"1.04": [-35, 0, 0],
						"1.56": [-10, 0, 0],
						"2.08": [-35, 0, 0]
					}
				},
				"LefRight": {
					"rotation": {
						"0.0": [-10, 0, 0],
						"0.52": [-35, 0, 0],
						"1.04": [-10, 0, 0],
						"1.56": [-35, 0, 0],
						"2.08": [-10, 0, 0]
					}
				},
				"RightArm": {
					"rotation": {
						"0.0": [60, 0, 0],
						"1.04": [55, 0, 0],
						"2.08": [60, 0, 0]
					},
					"position": {
						"0.0": [0, 0, 1],
						"2.08": [0, 0, 1]
					}
				},
				"LeftArm": {
					"rotation": {
						"0.0": [-60, 0, 0],
						"1.04": [-55, 0, 0],
						"2.08": [-60, 0, 0]
					},
					"position": {
						"0.0": [0, 0, 1],
						"2.08": [0, 0, 1]
					}
				},
				"Tail": {
					"rotation": {
						"0.0": [-27.5, 0, 0],
						"1.04": [-40, 0, 0],
						"2.08": [-27.5, 0, 0]
					}
				}
			}
		}
	}
}